google_place_id,name,address,latitude,longitude,hours_json,contact_number,wifi,outlets,accepts_qr,accepts_card,accepts_cash,business_status,types,website,import_ready,skip_reason
ChIJixn_Gua5lzMR5lb5kbBaWR8,1821 Café,"28 J.P. Laurel Sr, Cor Mt Everest, San Roque, Marikina",14.629608099999999,121.10293,"{""mon"":{""kind"":""closed""},""tue"":{""kind"":""open"",""open"":""07:00"",""close"":""23:00""},""wed"":{""kind"":""open"",""open"":""07:00"",""close"":""23:00""},""thu"":{""kind"":""open"",""open"":""07:00"",""close"":""23:00""},""fri"":{""kind"":""open"",""open"":""07:00"",""close"":""23:00""},""sat"":{""kind"":""open"",""open"":""07:00"",""close"":""23:00""},""sun"":{""kind"":""open"",""open"":""07:00"",""close"":""23:00""}}",,available,,,,,OPERATIONAL,Coffee shop|Coffee shop,https://www.1821ph.com/,true,
ChIJ5cCluQK5lzMRTp8eAw564f4,1990 cafe,"144 Dragon, Marikina",14.6213655,121.09833909999999,"{""mon"":{""kind"":""open"",""open"":""14:00"",""close"":""23:00""},""tue"":{""kind"":""open"",""open"":""14:00"",""close"":""23:00""},""wed"":{""kind"":""open"",""open"":""14:00"",""close"":""23:00""},""thu"":{""kind"":""open"",""open"":""14:00"",""close"":""23:00""},""fri"":{""kind"":""open"",""open"":""14:00"",""close"":""23:00""},""sat"":{""kind"":""open"",""open"":""14:00"",""close"":""23:00""},""sun"":{""kind"":""open"",""open"":""14:00"",""close"":""23:00""}}",0929 544 8894,available,,,,,OPERATIONAL,Cafe|Cafe|Coffee store,https://www.facebook.com/1990cafeph,true,
ChIJm2uRaS65lzMRfhGTjNtmwCE,A Batter Cafe Marikina,"140 Dragon, San Roque, Marikina",14.6216077,121.0983109,"{""mon"":{""kind"":""open"",""open"":""11:00"",""close"":""23:00""},""tue"":{""kind"":""open"",""open"":""11:00"",""close"":""23:00""},""wed"":{""kind"":""open"",""open"":""11:00"",""close"":""23:00""},""thu"":{""kind"":""open"",""open"":""11:00"",""close"":""23:00""},""fri"":{""kind"":""open"",""open"":""11:00"",""close"":""23:00""},""sat"":{""kind"":""open"",""open"":""11:00"",""close"":""23:00""},""sun"":{""kind"":""open"",""open"":""11:00"",""close"":""23:00""}}",,,,,,,OPERATIONAL,Coffee shop|Coffee shop,,true,
ChIJm2yeYwC5lzMRj0_RFWQZCcI,Alter Coffee,"M4C3+862, Kabayani Rd, Nangka, Marikina",14.670772999999999,121.103006,"{""mon"":{""kind"":""open"",""open"":""15:00"",""close"":""00:00""},""tue"":{""kind"":""open"",""open"":""15:00"",""close"":""00:00""},""wed"":{""kind"":""open"",""open"":""15:00"",""close"":""00:00""},""thu"":{""kind"":""open"",""open"":""15:00"",""close"":""00:00""},""fri"":{""kind"":""open"",""open"":""15:00"",""close"":""00:00""},""sat"":{""kind"":""open"",""open"":""15:00"",""close"":""00:00""},""sun"":{""kind"":""open"",""open"":""15:00"",""close"":""00:00""}}",,,,,,,OPERATIONAL,Coffee shop|Coffee shop,,true,
ChIJMz3ecAC5lzMRHG5UXqcuLAw,B1T1 Takeaway Coffee - Ayala Malls Marikina,"Marikina, 1800 Metro Manila",14.64876,121.1152255,"{""mon"":{""kind"":""open"",""open"":""07:00"",""close"":""22:00""},""tue"":{""kind"":""open"",""open"":""07:00"",""close"":""22:00""},""wed"":{""kind"":""open"",""open"":""07:00"",""close"":""22:00""},""thu"":{""kind"":""open"",""open"":""07:00"",""close"":""22:00""},""fri"":{""kind"":""open"",""open"":""07:00"",""close"":""22:00""},""sat"":{""kind"":""open"",""open"":""07:00"",""close"":""22:00""},""sun"":{""kind"":""open"",""open"":""07:00"",""close"":""22:00""}}",,,,,,,OPERATIONAL,Coffee shop|Coffee shop,,true,
ChIJj2pAyri5lzMRdKUDNLrRjqM,Beanhi Marikina Heights,"A1 of ALGERS 10 Building located at Bayan bayanan Ave. corner P. Valenzuela St. Brgy. Marikina Heights, Marikina",14.6503011,121.1146193,"{""mon"":{""kind"":""open"",""open"":""07:00"",""close"":""23:00""},""tue"":{""kind"":""open"",""open"":""07:00"",""close"":""23:00""},""wed"":{""kind"":""open"",""open"":""07:00"",""close"":""23:00""},""thu"":{""kind"":""open"",""open"":""07:00"",""close"":""23:00""},""fri"":{""kind"":""open"",""open"":""07:00"",""close"":""00:00""},""sat"":{""kind"":""open"",""open"":""07:00"",""close"":""00:00""},""sun"":{""kind"":""open"",""open"":""07:00"",""close"":""23:00""}}",0961 936 0303,,,,available,,OPERATIONAL,Coffee shop|Coffee shop,,true,
ChIJLex3u9O5lzMRBmqDq4uJWP0,Bread Head Cafe,"9 Lakandula, Parang, Marikina, Marikina",14.659343199999999,121.10930099999999,"{""mon"":{""kind"":""open"",""open"":""14:30"",""close"":""21:00""},""tue"":{""kind"":""closed""},""wed"":{""kind"":""open"",""open"":""14:30"",""close"":""22:00""},""thu"":{""kind"":""open"",""open"":""14:30"",""close"":""22:00""},""fri"":{""kind"":""open"",""open"":""14:30"",""close"":""22:00""},""sat"":{""kind"":""open"",""open"":""14:30"",""close"":""22:00""},""sun"":{""kind"":""open"",""open"":""14:30"",""close"":""21:00""}}",0968 525 5861,available,,,,,OPERATIONAL,Coffee shop|Coffee shop,,true,
ChIJMfT9GMa5lzMRJ0KQ9WkHtzs,"But First, Coffee (BFC) - Marikina","One East Complex, 001 Gen. Ordoñez St, Marikina Heights (Concepcion), Marikina",14.6502229,121.1117469,"{""mon"":{""kind"":""open"",""open"":""07:00"",""close"":""21:30""},""tue"":{""kind"":""open"",""open"":""07:00"",""close"":""21:30""},""wed"":{""kind"":""open"",""open"":""07:00"",""close"":""21:30""},""thu"":{""kind"":""open"",""open"":""07:00"",""close"":""21:30""},""fri"":{""kind"":""open"",""open"":""07:00"",""close"":""21:30""},""sat"":{""kind"":""open"",""open"":""07:00"",""close"":""21:30""},""sun"":{""kind"":""open"",""open"":""07:00"",""close"":""21:30""}}",0966 213 9033,,,,available,,OPERATIONAL,Coffee shop|Coffee shop,https://www.facebook.com/butfirstcoffeemarikina,true,
ChIJcxBFSgC5lzMRhQ_bje9_Rgk,Café Captura,"194 E dela Paz St, Marikina",14.6305249,121.097304,"{""mon"":{""kind"":""open"",""open"":""11:00"",""close"":""22:00""},""tue"":{""kind"":""open"",""open"":""11:00"",""close"":""22:00""},""wed"":{""kind"":""open"",""open"":""11:00"",""close"":""22:00""},""thu"":{""kind"":""open"",""open"":""11:00"",""close"":""22:00""},""fri"":{""kind"":""open"",""open"":""11:00"",""close"":""22:00""},""sat"":{""kind"":""open"",""open"":""11:00"",""close"":""22:00""},""sun"":{""kind"":""open"",""open"":""11:00"",""close"":""22:00""}}",,,,,,,OPERATIONAL,Cafe|Cafe,,true,
ChIJA1NRjHS5lzMRMmP-HYMp-DA,Cafe Caterina - A Neighborhood Cafe by Caro's,"60 Almond Nut, Marikina",14.6252955,121.0994791,"{""mon"":{""kind"":""open"",""open"":""16:00"",""close"":""22:00""},""tue"":{""kind"":""open"",""open"":""16:00"",""close"":""22:00""},""wed"":{""kind"":""open"",""open"":""16:00"",""close"":""22:00""},""thu"":{""kind"":""open"",""open"":""16:00"",""close"":""22:00""},""fri"":{""kind"":""open"",""open"":""16:00"",""close"":""23:00""},""sat"":{""kind"":""open"",""open"":""16:00"",""close"":""23:00""},""sun"":{""kind"":""closed""}}",0918 411 9493,,,,,,OPERATIONAL,Cafe|Cafe,,true,
ChIJw-Pb2OC5lzMRX4yTES1MDhc,Cafe Leonor,"832 J. P. Rizal St, Nangka, Marikina",14.6715609,121.1086959,"{""mon"":{""kind"":""open"",""open"":""10:00"",""close"":""22:00""},""tue"":{""kind"":""open"",""open"":""10:00"",""close"":""22:00""},""wed"":{""kind"":""open"",""open"":""10:00"",""close"":""22:00""},""thu"":{""kind"":""open"",""open"":""10:00"",""close"":""22:00""},""fri"":{""kind"":""open"",""open"":""07:00"",""close"":""22:00""},""sat"":{""kind"":""open"",""open"":""07:00"",""close"":""22:00""},""sun"":{""kind"":""open"",""open"":""07:00"",""close"":""22:00""}}",0968 011 2922,,,,,,OPERATIONAL,Filipino restaurant|Filipino restaurant,https://www.facebook.com/Cafe-Leonor-104182685599002,true,
ChIJXflr3a65lzMRoIoFzwnlsow,Cafe Rajah,"102 Raha Soliman, Marikina",14.6629024,121.1148791,"{""mon"":{""kind"":""open"",""open"":""17:00"",""close"":""02:00""},""tue"":{""kind"":""open"",""open"":""17:00"",""close"":""02:00""},""wed"":{""kind"":""open"",""open"":""17:00"",""close"":""02:00""},""thu"":{""kind"":""open"",""open"":""17:00"",""close"":""02:00""},""fri"":{""kind"":""open"",""open"":""17:00"",""close"":""02:00""},""sat"":{""kind"":""open"",""open"":""17:00"",""close"":""02:00""},""sun"":{""kind"":""open"",""open"":""16:00"",""close"":""01:00""}}",,,,,,,OPERATIONAL,Coffee shop|Coffee shop,,true,
ChIJYUmMLAC5lzMR5_RF3gt5YO8,Cafe Serene,"M4C4+P8H, F. Manalo, Balubad St, Nangka, Marikina",14.6718172,121.1058599,"{""mon"":{""kind"":""open"",""open"":""11:00"",""close"":""00:00""},""tue"":{""kind"":""open"",""open"":""11:00"",""close"":""00:00""},""wed"":{""kind"":""open"",""open"":""11:00"",""close"":""00:00""},""thu"":{""kind"":""open"",""open"":""11:00"",""close"":""00:00""},""fri"":{""kind"":""open"",""open"":""11:00"",""close"":""00:00""},""sat"":{""kind"":""open"",""open"":""11:00"",""close"":""00:00""},""sun"":{""kind"":""open"",""open"":""11:00"",""close"":""00:00""}}",0939 105 6071,,,,,,OPERATIONAL,Coffee shop|Coffee shop,https://www.facebook.com/share/1ExAcBsVaf/?mibextid=wwXIfr,true,
ChIJTZ-LkMS5lzMRMROUH-HjjJ4,Casitas Cafe,"3 SW Dao, Marikina",14.650042299999999,121.1128756,"{""mon"":{""kind"":""open"",""open"":""15:00"",""close"":""22:00""},""tue"":{""kind"":""closed""},""wed"":{""kind"":""open"",""open"":""15:00"",""close"":""22:00""},""thu"":{""kind"":""open"",""open"":""15:00"",""close"":""22:00""},""fri"":{""kind"":""open"",""open"":""15:00"",""close"":""02:00""},""sat"":{""kind"":""open"",""open"":""15:00"",""close"":""02:00""},""sun"":{""kind"":""open"",""open"":""15:00"",""close"":""22:00""}}",,available,,,,,OPERATIONAL,Coffee shop|Coffee shop,,true,
ChIJH3b4BwC5lzMRNQIC2ZpJtks,Chapter Coffee Roastery & Cafe Marikina,"Marikina-Infanta Hwy, Marikina",14.626840099999999,121.0840228,"{""mon"":{""kind"":""open"",""open"":""10:00"",""close"":""21:00""},""tue"":{""kind"":""open"",""open"":""10:00"",""close"":""21:00""},""wed"":{""kind"":""open"",""open"":""10:00"",""close"":""21:00""},""thu"":{""kind"":""open"",""open"":""10:00"",""close"":""21:00""},""fri"":{""kind"":""open"",""open"":""10:00"",""close"":""22:00""},""sat"":{""kind"":""open"",""open"":""10:00"",""close"":""22:00""},""sun"":{""kind"":""open"",""open"":""10:00"",""close"":""21:00""}}",,,,,available,,OPERATIONAL,Coffee shop|Coffee shop,,true,
ChIJM8JEewC5lzMRedGUwjApThc,Chil-e & Brew Cafe,"120 Chile St, Nangka, Marikina",14.6648328,121.10752149999999,,,,,,,,OPERATIONAL,Coffee shop|Coffee shop,,false,missing_hours
ChIJXZfuxTG5lzMRT33CfZbAows,Cocol Coffee & Tea - Nangka,"8 Balubad St, Nangka, Marikina",14.6728543,121.1076509,"{""mon"":{""kind"":""open"",""open"":""10:00"",""close"":""00:00""},""tue"":{""kind"":""open"",""open"":""10:00"",""close"":""00:00""},""wed"":{""kind"":""open"",""open"":""10:00"",""close"":""00:00""},""thu"":{""kind"":""open"",""open"":""10:00"",""close"":""00:00""},""fri"":{""kind"":""open"",""open"":""10:00"",""close"":""00:00""},""sat"":{""kind"":""open"",""open"":""10:00"",""close"":""00:00""},""sun"":{""kind"":""open"",""open"":""10:00"",""close"":""00:00""}}",,,,,,,OPERATIONAL,Coffee shop|Coffee shop,,true,
ChIJX_xFZma5lzMRtlTpsNA5LN0,Cocol Coffee & Tea - Parang Branch,"18 Parnaso Street, Corner P. Paterno St, Marikina",14.6565446,121.10796579999999,"{""mon"":{""kind"":""open"",""open"":""10:00"",""close"":""00:00""},""tue"":{""kind"":""open"",""open"":""10:00"",""close"":""00:00""},""wed"":{""kind"":""open"",""open"":""10:00"",""close"":""00:00""},""thu"":{""kind"":""open"",""open"":""10:00"",""close"":""00:00""},""fri"":{""kind"":""open"",""open"":""10:00"",""close"":""00:00""},""sat"":{""kind"":""open"",""open"":""10:00"",""close"":""00:00""},""sun"":{""kind"":""open"",""open"":""10:00"",""close"":""00:00""}}",0956 224 9508,,,,available,,OPERATIONAL,Coffee shop|Coffee shop,https://www.facebook.com/share/1JtoNyFdan/,true,
ChIJBRlON9C5lzMRovLcLRfeioE,Cocol Coffee & Tea - San Roque,"1 Kurtante, Marikina",14.6209279,121.1005151,"{""mon"":{""kind"":""open"",""open"":""10:00"",""close"":""00:00""},""tue"":{""kind"":""open"",""open"":""10:00"",""close"":""00:00""},""wed"":{""kind"":""open"",""open"":""10:00"",""close"":""00:00""},""thu"":{""kind"":""open"",""open"":""10:00"",""close"":""00:00""},""fri"":{""kind"":""open"",""open"":""10:00"",""close"":""00:00""},""sat"":{""kind"":""open"",""open"":""10:00"",""close"":""00:00""},""sun"":{""kind"":""open"",""open"":""10:00"",""close"":""00:00""}}",,,,,available,,OPERATIONAL,Coffee shop|Coffee shop,,true,
ChIJC-tXYQC5lzMRfMLkO9H1EIs,Cofflicated Cafe,"29 Martelyete, Marikina",14.6233834,121.10327339999999,"{""mon"":{""kind"":""open"",""open"":""14:00"",""close"":""22:00""},""tue"":{""kind"":""open"",""open"":""14:00"",""close"":""22:00""},""wed"":{""kind"":""open"",""open"":""14:00"",""close"":""22:00""},""thu"":{""kind"":""open"",""open"":""14:00"",""close"":""22:00""},""fri"":{""kind"":""open"",""open"":""14:00"",""close"":""22:00""},""sat"":{""kind"":""open"",""open"":""14:00"",""close"":""22:00""},""sun"":{""kind"":""closed""}}",,,,,,,OPERATIONAL,Coffee shop|Coffee shop,,true,
ChIJwVOSEze5lzMRp-Yfyj9jA6g,Communal Coffee,"2/F, Thaddeus Arcade, Pitpitan, San Roque, Marikina",14.621688299999999,121.1022277,"{""mon"":{""kind"":""open"",""open"":""12:00"",""close"":""20:00""},""tue"":{""kind"":""open"",""open"":""12:00"",""close"":""20:00""},""wed"":{""kind"":""open"",""open"":""12:00"",""close"":""20:00""},""thu"":{""kind"":""open"",""open"":""12:00"",""close"":""20:00""},""fri"":{""kind"":""open"",""open"":""12:00"",""close"":""20:00""},""sat"":{""kind"":""open"",""open"":""08:00"",""close"":""20:00""},""sun"":{""kind"":""open"",""open"":""08:00"",""close"":""20:00""}}",0995 345 7692,,,,,,OPERATIONAL,Coffee shop|Coffee shop,,true,
ChIJ9d3WKwC5lzMRBvsvcrcAUC4,Dear Carlito Cafe & Bistro,"25 Redwood, Marikina",14.6269894,121.0999607,"{""mon"":{""kind"":""closed""},""tue"":{""kind"":""open"",""open"":""15:00"",""close"":""22:00""},""wed"":{""kind"":""open"",""open"":""15:00"",""close"":""22:00""},""thu"":{""kind"":""open"",""open"":""15:00"",""close"":""22:00""},""fri"":{""kind"":""open"",""open"":""11:00"",""close"":""00:00""},""sat"":{""kind"":""open"",""open"":""11:00"",""close"":""00:00""},""sun"":{""kind"":""open"",""open"":""11:00"",""close"":""00:00""}}",0915 781 1088,,,,,,OPERATIONAL,Cafe|Cafe,,true,
ChIJidQPxQ-5lzMRmGw96utlV2M,Do Güd Cafe,"9 E. Rodriguez St, Corner Lakandula, Marikina",14.659674299999999,121.1107825,"{""mon"":{""kind"":""open"",""open"":""13:00"",""close"":""23:00""},""tue"":{""kind"":""open"",""open"":""13:00"",""close"":""23:00""},""wed"":{""kind"":""closed""},""thu"":{""kind"":""open"",""open"":""13:00"",""close"":""23:00""},""fri"":{""kind"":""open"",""open"":""13:00"",""close"":""23:00""},""sat"":{""kind"":""open"",""open"":""13:00"",""close"":""23:00""},""sun"":{""kind"":""open"",""open"":""13:00"",""close"":""23:00""}}",0917 316 2122,available,,,available,,OPERATIONAL,Cafe|Cafe,,true,
ChIJTakTsay5lzMRgNTmuZKxma4,Draft Coffee by Lew’s Marikina,"240 N Narra, Marikina",14.6536651,121.1183537,"{""mon"":{""kind"":""open"",""open"":""06:00"",""close"":""23:00""},""tue"":{""kind"":""open"",""open"":""06:00"",""close"":""23:00""},""wed"":{""kind"":""open"",""open"":""06:00"",""close"":""23:00""},""thu"":{""kind"":""open"",""open"":""06:00"",""close"":""23:00""},""fri"":{""kind"":""open"",""open"":""06:00"",""close"":""23:00""},""sat"":{""kind"":""open"",""open"":""06:00"",""close"":""23:00""},""sun"":{""kind"":""open"",""open"":""06:00"",""close"":""23:00""}}",,,,,available,,OPERATIONAL,Coffee shop|Coffee shop,,true,
ChIJD5UVQNe5lzMRft0o_ucambk,Drip Kofi Concepcion,"26 T. Bugallon St, Marikina",14.6499157,121.1109118,"{""mon"":{""kind"":""open"",""open"":""12:00"",""close"":""22:00""},""tue"":{""kind"":""open"",""open"":""12:00"",""close"":""22:00""},""wed"":{""kind"":""open"",""open"":""12:00"",""close"":""22:00""},""thu"":{""kind"":""open"",""open"":""12:00"",""close"":""22:00""},""fri"":{""kind"":""open"",""open"":""12:00"",""close"":""22:00""},""sat"":{""kind"":""open"",""open"":""12:00"",""close"":""22:00""},""sun"":{""kind"":""open"",""open"":""12:00"",""close"":""22:00""}}",0968 864 5288,,,,available,,OPERATIONAL,Coffee shop|Coffee shop,https://www.facebook.com/profile.php?id=100086023614915&mibextid=LQQJ4d,true,
ChIJW88IOwC5lzMRMevGITPCA0k,Dunkin' - Caltex Fortune Marikina Drive Thru,"M47F+4QF, Fortune, Marikina",14.6628232,121.12441539999999,"{""mon"":{""kind"":""all_day""},""tue"":{""kind"":""all_day""},""wed"":{""kind"":""all_day""},""thu"":{""kind"":""all_day""},""fri"":{""kind"":""all_day""},""sat"":{""kind"":""all_day""},""sun"":{""kind"":""all_day""}}",,,,,available,,OPERATIONAL,Coffee shop|Coffee shop|Donut shop,,true,
ChIJgdQdX425lzMRe3dCepuYC0A,Esquina Café Marikina,"32 D. Silang, Parang, Marikina",14.663367599999999,121.1117175,"{""mon"":{""kind"":""open"",""open"":""12:00"",""close"":""00:00""},""tue"":{""kind"":""open"",""open"":""12:00"",""close"":""00:00""},""wed"":{""kind"":""open"",""open"":""12:00"",""close"":""00:00""},""thu"":{""kind"":""open"",""open"":""12:00"",""close"":""00:00""},""fri"":{""kind"":""open"",""open"":""12:00"",""close"":""00:00""},""sat"":{""kind"":""open"",""open"":""12:00"",""close"":""00:00""},""sun"":{""kind"":""open"",""open"":""12:00"",""close"":""00:00""}}",,,,,,,OPERATIONAL,Cafe|Cafe,,true,
ChIJl-MnibS5lzMR-0Ps8QScHaw,Four Cups Cafe,"92C E. Santos St, Concepcion Uno, Marikina",14.6489125,121.1038257,"{""mon"":{""kind"":""open"",""open"":""10:00"",""close"":""22:00""},""tue"":{""kind"":""open"",""open"":""10:00"",""close"":""22:00""},""wed"":{""kind"":""open"",""open"":""10:00"",""close"":""22:00""},""thu"":{""kind"":""open"",""open"":""10:00"",""close"":""22:00""},""fri"":{""kind"":""open"",""open"":""10:00"",""close"":""22:00""},""sat"":{""kind"":""open"",""open"":""10:00"",""close"":""22:00""},""sun"":{""kind"":""open"",""open"":""10:00"",""close"":""22:00""}}",0976 631 0365,,,,,,OPERATIONAL,Cafe|Cafe|Coffee shop,,true,
ChIJD3-TfV25lzMRPqXGuzar50k,Fran.co's Cafe Nangka Branch,"Phase 4, Greenheights, 107 Morocco St, Nangka, Marikina",14.668425099999999,121.1098162,"{""mon"":{""kind"":""open"",""open"":""13:00"",""close"":""21:00""},""tue"":{""kind"":""open"",""open"":""13:00"",""close"":""21:00""},""wed"":{""kind"":""closed""},""thu"":{""kind"":""open"",""open"":""13:00"",""close"":""21:00""},""fri"":{""kind"":""open"",""open"":""13:00"",""close"":""21:00""},""sat"":{""kind"":""open"",""open"":""13:00"",""close"":""21:00""},""sun"":{""kind"":""open"",""open"":""13:00"",""close"":""21:00""}}",0932 588 2738,,,,,,OPERATIONAL,Coffee shop|Coffee shop,,true,
ChIJfabFppG5lzMR1PyQkMB8MGc,Franken Coffee Bar + Roastery,"132 J. P. Rizal St, Marikina",14.624885899999999,121.0959197,"{""mon"":{""kind"":""open"",""open"":""16:00"",""close"":""22:00""},""tue"":{""kind"":""closed""},""wed"":{""kind"":""open"",""open"":""16:00"",""close"":""22:00""},""thu"":{""kind"":""open"",""open"":""16:00"",""close"":""22:00""},""fri"":{""kind"":""open"",""open"":""16:00"",""close"":""22:00""},""sat"":{""kind"":""open"",""open"":""09:00"",""close"":""22:00""},""sun"":{""kind"":""open"",""open"":""09:00"",""close"":""22:00""}}",0908 913 7542,available,,,available,,OPERATIONAL,Coffee shop|Coffee shop|Cafe|Coffee machine supplier|Coffee roastery|Coffee store|Coffee wholesaler|Tea house,https://www.instagram.com/frankenroaster/,true,
ChIJieodfQC5lzMRAll1RohcsCI,Goose Coffee,"8a Goosefish St, Marikina",14.6723476,121.11579019999999,"{""mon"":{""kind"":""closed""},""tue"":{""kind"":""closed""},""wed"":{""kind"":""closed""},""thu"":{""kind"":""open"",""open"":""17:00"",""close"":""22:00""},""fri"":{""kind"":""open"",""open"":""17:00"",""close"":""22:00""},""sat"":{""kind"":""open"",""open"":""17:00"",""close"":""22:00""},""sun"":{""kind"":""closed""}}",,,,,,,OPERATIONAL,Coffee shop|Coffee shop,https://www.facebook.com/share/12CnDoGdyj2/,true,
ChIJs29ieQC5lzMR6lul91IS2tk,Hachii-Marikina,"107 Bayan-Bayanan Ave, Marikina",14.6503339,121.1139161,"{""mon"":{""kind"":""open"",""open"":""08:00"",""close"":""00:00""},""tue"":{""kind"":""open"",""open"":""08:00"",""close"":""00:00""},""wed"":{""kind"":""open"",""open"":""08:00"",""close"":""00:00""},""thu"":{""kind"":""open"",""open"":""08:00"",""close"":""00:00""},""fri"":{""kind"":""open"",""open"":""08:00"",""close"":""00:00""},""sat"":{""kind"":""open"",""open"":""08:00"",""close"":""00:00""},""sun"":{""kind"":""open"",""open"":""08:00"",""close"":""00:00""}}",0992 366 0001,,,,,,OPERATIONAL,Coffee shop|Coffee shop,https://www.facebook.com/share/1CsUP8Tnxr/?mibextid=wwXIfr,true,
ChIJswQTT-q5lzMRUFnqI7AGIt4,Hidden Brews Café,"78 R. Palma, Parang, Marikina",14.6643235,121.11452659999999,"{""mon"":{""kind"":""open"",""open"":""15:00"",""close"":""23:00""},""tue"":{""kind"":""open"",""open"":""15:00"",""close"":""23:00""},""wed"":{""kind"":""open"",""open"":""15:00"",""close"":""23:00""},""thu"":{""kind"":""open"",""open"":""15:00"",""close"":""23:00""},""fri"":{""kind"":""open"",""open"":""15:00"",""close"":""23:00""},""sat"":{""kind"":""open"",""open"":""15:00"",""close"":""23:00""},""sun"":{""kind"":""open"",""open"":""15:00"",""close"":""23:00""}}",0917 100 7807,,,,,,OPERATIONAL,Coffee shop|Coffee shop,https://www.facebook.com/hiddenbrewscafe,true,
ChIJm2TA8Ty5lzMRSM4PKZm2dkM,Inarawan Coffee - Marikina,"2 Sampaguita St, Marikina",14.649887099999999,121.10779529999999,"{""mon"":{""kind"":""open"",""open"":""09:00"",""close"":""22:00""},""tue"":{""kind"":""open"",""open"":""09:00"",""close"":""22:00""},""wed"":{""kind"":""open"",""open"":""09:00"",""close"":""22:00""},""thu"":{""kind"":""open"",""open"":""09:00"",""close"":""22:00""},""fri"":{""kind"":""open"",""open"":""09:00"",""close"":""23:00""},""sat"":{""kind"":""open"",""open"":""09:00"",""close"":""23:00""},""sun"":{""kind"":""open"",""open"":""09:00"",""close"":""23:00""}}",,,,,available,,OPERATIONAL,Coffee store|Coffee store,,true,
ChIJ3dk99Da5lzMRtYe6nAKg094,K Ramyeon Cafe,"Narra st, Cor West Dr, Marikina",14.654256199999999,121.11635319999999,"{""mon"":{""kind"":""open"",""open"":""12:00"",""close"":""01:00""},""tue"":{""kind"":""open"",""open"":""12:00"",""close"":""01:00""},""wed"":{""kind"":""open"",""open"":""12:00"",""close"":""01:00""},""thu"":{""kind"":""open"",""open"":""12:00"",""close"":""01:00""},""fri"":{""kind"":""open"",""open"":""12:00"",""close"":""03:00""},""sat"":{""kind"":""open"",""open"":""12:00"",""close"":""03:00""},""sun"":{""kind"":""open"",""open"":""12:00"",""close"":""02:00""}}",0928 156 4599,,,,,,OPERATIONAL,Cafe|Cafe,,true,
ChIJ3XWeFBC5lzMRZHcHJ38_C9c,Kado Kohi,"Corner Mt Everest, Marikina",14.6298906,121.10276239999999,"{""mon"":{""kind"":""open"",""open"":""07:00"",""close"":""23:00""},""tue"":{""kind"":""open"",""open"":""07:00"",""close"":""23:00""},""wed"":{""kind"":""open"",""open"":""07:00"",""close"":""23:00""},""thu"":{""kind"":""open"",""open"":""07:00"",""close"":""23:00""},""fri"":{""kind"":""open"",""open"":""07:00"",""close"":""23:00""},""sat"":{""kind"":""open"",""open"":""07:00"",""close"":""23:00""},""sun"":{""kind"":""open"",""open"":""07:00"",""close"":""23:00""}}",0966 537 0155,,,,,,OPERATIONAL,Coffee shop|Coffee shop,https://www.kadokohi.com/,true,
ChIJERizA1W5lzMRmibQtGNz4_w,Kalinaw Coffee Co. - Marikina,"260 NW Narra St, Marikina",14.6540684,121.1168201,"{""mon"":{""kind"":""open"",""open"":""07:00"",""close"":""23:00""},""tue"":{""kind"":""open"",""open"":""07:00"",""close"":""23:00""},""wed"":{""kind"":""open"",""open"":""07:00"",""close"":""23:00""},""thu"":{""kind"":""open"",""open"":""07:00"",""close"":""23:00""},""fri"":{""kind"":""open"",""open"":""07:00"",""close"":""23:00""},""sat"":{""kind"":""open"",""open"":""07:00"",""close"":""23:00""},""sun"":{""kind"":""open"",""open"":""07:00"",""close"":""23:00""}}",,,,,available,,OPERATIONAL,Coffee shop|Coffee shop,,true,
ChIJZxGTAb65lzMRqOws1GOYgR0,Kape Benito Community Cafe,"48 Sparrow, Marikina",14.6321099,121.099852,"{""mon"":{""kind"":""open"",""open"":""12:00"",""close"":""22:00""},""tue"":{""kind"":""open"",""open"":""12:00"",""close"":""22:00""},""wed"":{""kind"":""open"",""open"":""12:00"",""close"":""22:00""},""thu"":{""kind"":""open"",""open"":""12:00"",""close"":""22:00""},""fri"":{""kind"":""open"",""open"":""12:00"",""close"":""22:00""},""sat"":{""kind"":""open"",""open"":""12:00"",""close"":""22:00""},""sun"":{""kind"":""open"",""open"":""12:00"",""close"":""22:00""}}",,available,,,available,,OPERATIONAL,Cafe|Cafe,,true,
ChIJs0ObJgC5lzMRmE3PYONflg8,Kapemarah,"338 Gen. Ordoñez St, Marikina",14.6571249,121.1209586,"{""mon"":{""kind"":""open"",""open"":""14:00"",""close"":""00:00""},""tue"":{""kind"":""open"",""open"":""14:00"",""close"":""00:00""},""wed"":{""kind"":""open"",""open"":""14:00"",""close"":""00:00""},""thu"":{""kind"":""open"",""open"":""14:00"",""close"":""00:00""},""fri"":{""kind"":""open"",""open"":""14:00"",""close"":""00:00""},""sat"":{""kind"":""open"",""open"":""12:00"",""close"":""00:00""},""sun"":{""kind"":""open"",""open"":""12:00"",""close"":""00:00""}}",,,,,,,OPERATIONAL,Coffee shop|Coffee shop,,true,
ChIJeZNRPti5lzMRyVyGNmNsyUQ,Krooks Coffee House,"Unit 1 VALP Building 20 J. Molina Street, Corner L. De Guzman St, Concepcion Uno, Marikina",14.6481658,121.1047978,"{""mon"":{""kind"":""open"",""open"":""12:00"",""close"":""00:00""},""tue"":{""kind"":""open"",""open"":""12:00"",""close"":""00:00""},""wed"":{""kind"":""open"",""open"":""12:00"",""close"":""00:00""},""thu"":{""kind"":""open"",""open"":""12:00"",""close"":""00:00""},""fri"":{""kind"":""open"",""open"":""12:00"",""close"":""00:00""},""sat"":{""kind"":""open"",""open"":""12:00"",""close"":""00:00""},""sun"":{""kind"":""open"",""open"":""12:00"",""close"":""00:00""}}",,available,,,available,,OPERATIONAL,Coffee shop|Coffee shop,https://www.instagram.com/krooks.coffee.house/,true,
ChIJ9VKSZwC5lzMRelNJyeuxYgE,Layman's Cafe,"53 Dragon, Marikina",14.623941199999999,121.09919119999999,"{""mon"":{""kind"":""open"",""open"":""14:00"",""close"":""22:00""},""tue"":{""kind"":""open"",""open"":""14:00"",""close"":""22:00""},""wed"":{""kind"":""open"",""open"":""14:00"",""close"":""22:00""},""thu"":{""kind"":""open"",""open"":""14:00"",""close"":""22:00""},""fri"":{""kind"":""open"",""open"":""14:00"",""close"":""23:00""},""sat"":{""kind"":""open"",""open"":""14:00"",""close"":""23:00""},""sun"":{""kind"":""open"",""open"":""14:00"",""close"":""23:00""}}",0997 725 4112,,,,available,,OPERATIONAL,Coffee shop|Coffee shop,,true,
ChIJ3ZihYnW5lzMRDyohqfZakUQ,Lermo Café,"75 Bantayog, Concepcion Uno, Marikina",14.6568838,121.1045264,"{""mon"":{""kind"":""open"",""open"":""17:00"",""close"":""00:00""},""tue"":{""kind"":""open"",""open"":""17:00"",""close"":""00:00""},""wed"":{""kind"":""open"",""open"":""17:00"",""close"":""00:00""},""thu"":{""kind"":""open"",""open"":""17:00"",""close"":""00:00""},""fri"":{""kind"":""open"",""open"":""17:00"",""close"":""00:00""},""sat"":{""kind"":""open"",""open"":""17:00"",""close"":""00:00""},""sun"":{""kind"":""open"",""open"":""17:00"",""close"":""00:00""}}",0976 301 9830,,,,,,OPERATIONAL,Coffee shop|Coffee shop,https://www.facebook.com/profile.php?id=61577954987829,true,
ChIJ20_E9Sy5lzMR-hC_enRhvKo,Make Coffee,"30 J.P.Laurel Sr., Marikina",14.6299972,121.10291579999999,"{""mon"":{""kind"":""open"",""open"":""07:00"",""close"":""23:00""},""tue"":{""kind"":""open"",""open"":""07:00"",""close"":""23:00""},""wed"":{""kind"":""open"",""open"":""07:00"",""close"":""23:00""},""thu"":{""kind"":""open"",""open"":""07:00"",""close"":""23:00""},""fri"":{""kind"":""open"",""open"":""07:00"",""close"":""23:00""},""sat"":{""kind"":""open"",""open"":""07:00"",""close"":""23:00""},""sun"":{""kind"":""open"",""open"":""07:00"",""close"":""23:00""}}",,,,,available,,OPERATIONAL,Coffee shop|Coffee shop,,true,
ChIJMUISJgC5lzMREUP-zGFTRPI,Match Better Cafe,"29 Flamingo, Marikina",14.6305468,121.10099389999999,"{""mon"":{""kind"":""open"",""open"":""09:00"",""close"":""02:00""},""tue"":{""kind"":""open"",""open"":""09:00"",""close"":""02:00""},""wed"":{""kind"":""open"",""open"":""09:00"",""close"":""02:00""},""thu"":{""kind"":""open"",""open"":""09:00"",""close"":""02:00""},""fri"":{""kind"":""open"",""open"":""09:00"",""close"":""02:00""},""sat"":{""kind"":""open"",""open"":""09:00"",""close"":""02:00""},""sun"":{""kind"":""open"",""open"":""09:00"",""close"":""02:00""}}",,,,,,,OPERATIONAL,Coffee shop|Coffee shop,,true,
ChIJWwh2L5e5lzMRqkS88JuDqn8,Mumo Crumbs and Coffee,"Lilac St, Marikina",14.6427488,121.12205469999999,"{""mon"":{""kind"":""open"",""open"":""10:00"",""close"":""04:00""},""tue"":{""kind"":""open"",""open"":""10:00"",""close"":""04:00""},""wed"":{""kind"":""open"",""open"":""10:00"",""close"":""04:00""},""thu"":{""kind"":""open"",""open"":""10:00"",""close"":""04:00""},""fri"":{""kind"":""open"",""open"":""10:00"",""close"":""04:00""},""sat"":{""kind"":""open"",""open"":""10:00"",""close"":""04:00""},""sun"":{""kind"":""open"",""open"":""10:00"",""close"":""04:00""}}",0961 847 2936,,,,,,OPERATIONAL,Pastry shop|Pastry shop|Coffee shop,,true,
ChIJ_Z55YQC5lzMRYG7LqA9vsDU,Old Habit Cafe,"15 West Dr, Marikina",14.652342099999998,121.11587519999999,"{""mon"":{""kind"":""open"",""open"":""09:30"",""close"":""01:00""},""tue"":{""kind"":""open"",""open"":""17:30"",""close"":""01:00""},""wed"":{""kind"":""open"",""open"":""09:30"",""close"":""01:00""},""thu"":{""kind"":""open"",""open"":""09:30"",""close"":""01:00""},""fri"":{""kind"":""open"",""open"":""09:30"",""close"":""01:00""},""sat"":{""kind"":""open"",""open"":""09:30"",""close"":""01:00""},""sun"":{""kind"":""open"",""open"":""09:30"",""close"":""01:00""}}",,,,,,,OPERATIONAL,Coffee shop|Coffee shop,https://www.facebook.com/oldhabitcafe,true,
ChIJJ-HzoHq3lzMRDrsZoe1_Exo,Over Coffee,"155 SE Dao, Marikina",14.648247099999999,121.1186048,"{""mon"":{""kind"":""open"",""open"":""08:00"",""close"":""04:00""},""tue"":{""kind"":""open"",""open"":""08:00"",""close"":""04:00""},""wed"":{""kind"":""open"",""open"":""08:00"",""close"":""04:00""},""thu"":{""kind"":""open"",""open"":""08:00"",""close"":""04:00""},""fri"":{""kind"":""open"",""open"":""08:00"",""close"":""04:00""},""sat"":{""kind"":""open"",""open"":""08:00"",""close"":""04:00""},""sun"":{""kind"":""open"",""open"":""08:00"",""close"":""04:00""}}",,,,,available,,OPERATIONAL,Cafe|Cafe|Coffee shop|Coffee store,https://www.facebook.com/storiesovercoffee,true,
ChIJqVViTwC5lzMRKxpkIPLEBkw,PICKUP COFFEE - Caltex Fortune Parang,"Second District, Caltex 22 Fortune Ave. Corner, 1809 Santan, Marikina",14.662878599999999,121.1245814,"{""mon"":{""kind"":""all_day""},""tue"":{""kind"":""all_day""},""wed"":{""kind"":""all_day""},""thu"":{""kind"":""all_day""},""fri"":{""kind"":""all_day""},""sat"":{""kind"":""all_day""},""sun"":{""kind"":""all_day""}}",0921 204 8610,,,,,,OPERATIONAL,Restaurant|Restaurant|Coffee shop,https://pickup-coffee.com/pickup-store-locations/,true,
ChIJGe_udAC5lzMRZuzmIjwCRbI,PICKUP COFFEE - Seaoil Nangka,"Second District, Seaoil, Korea Cor, 1808 J. P. Rizal St, Nangka, Marikina",14.6691244,121.1082521,"{""mon"":{""kind"":""open"",""open"":""07:00"",""close"":""22:00""},""tue"":{""kind"":""open"",""open"":""07:00"",""close"":""22:00""},""wed"":{""kind"":""open"",""open"":""07:00"",""close"":""22:00""},""thu"":{""kind"":""open"",""open"":""07:00"",""close"":""22:00""},""fri"":{""kind"":""open"",""open"":""07:00"",""close"":""22:00""},""sat"":{""kind"":""open"",""open"":""07:00"",""close"":""22:00""},""sun"":{""kind"":""open"",""open"":""07:00"",""close"":""22:00""}}",0939 543 7696,,,,,,OPERATIONAL,Restaurant|Restaurant|Coffee shop,https://pickup-coffee.com/pickup-store-locations/,true,
ChIJc-swotm5lzMRZ4W0RfMzF2I,Ratio Coffee - Marikina,"29 A. de Guzman St, Marikina",14.653357699999999,121.10483669999999,"{""mon"":{""kind"":""open"",""open"":""13:00"",""close"":""23:00""},""tue"":{""kind"":""open"",""open"":""13:00"",""close"":""23:00""},""wed"":{""kind"":""open"",""open"":""13:00"",""close"":""23:00""},""thu"":{""kind"":""open"",""open"":""13:00"",""close"":""23:00""},""fri"":{""kind"":""open"",""open"":""13:00"",""close"":""23:00""},""sat"":{""kind"":""open"",""open"":""13:00"",""close"":""23:00""},""sun"":{""kind"":""open"",""open"":""13:00"",""close"":""23:00""}}",,,,,,,OPERATIONAL,Coffee shop|Coffee shop,https://www.facebook.com/ratiocoffeeph/,true,
ChIJkcUA7jm5lzMRMGcfdqlkHbQ,Resonate Coffee,"Marikina, 1800 Metro Manila",14.650356799999999,121.1127379,"{""mon"":{""kind"":""open"",""open"":""06:30"",""close"":""22:30""},""tue"":{""kind"":""open"",""open"":""06:30"",""close"":""22:30""},""wed"":{""kind"":""open"",""open"":""06:30"",""close"":""22:30""},""thu"":{""kind"":""open"",""open"":""06:30"",""close"":""22:30""},""fri"":{""kind"":""open"",""open"":""06:30"",""close"":""22:30""},""sat"":{""kind"":""open"",""open"":""06:30"",""close"":""22:30""},""sun"":{""kind"":""open"",""open"":""06:30"",""close"":""22:30""}}",,,,,,,OPERATIONAL,Coffee shop|Coffee shop,,true,
ChIJ3RKGHj-4lzMRAVbEKLrvx54,"Starbucks - Sta. Lucia Mall, Cainta","L1, Cascade Area, Sta. Lucia East, Pasig",14.6175214,121.0997096,"{""mon"":{""kind"":""open"",""open"":""07:30"",""close"":""23:30""},""tue"":{""kind"":""open"",""open"":""07:30"",""close"":""23:30""},""wed"":{""kind"":""open"",""open"":""07:30"",""close"":""23:30""},""thu"":{""kind"":""open"",""open"":""07:30"",""close"":""23:30""},""fri"":{""kind"":""open"",""open"":""07:30"",""close"":""23:30""},""sat"":{""kind"":""open"",""open"":""07:30"",""close"":""23:30""},""sun"":{""kind"":""open"",""open"":""07:30"",""close"":""23:30""}}",,,,,available,,OPERATIONAL,Coffee shop|Coffee shop,https://www.starbucks.ph/,true,
ChIJZ4IKiDy4lzMR3EtZuXbMZ24,Starbucks Ayala Malls Feliz,"G/F, Ayala malls, Feliz Marikina-Infanta Hwy, Pasig",14.6195454,121.09285469999999,"{""mon"":{""kind"":""open"",""open"":""08:30"",""close"":""22:30""},""tue"":{""kind"":""open"",""open"":""08:30"",""close"":""22:30""},""wed"":{""kind"":""open"",""open"":""08:30"",""close"":""22:30""},""thu"":{""kind"":""open"",""open"":""08:30"",""close"":""22:30""},""fri"":{""kind"":""open"",""open"":""08:30"",""close"":""22:30""},""sat"":{""kind"":""open"",""open"":""08:30"",""close"":""22:30""},""sun"":{""kind"":""open"",""open"":""08:30"",""close"":""22:30""}}",,,,,available,,OPERATIONAL,Coffee shop|Coffee shop,http://www.starbucks.ph/,true,
ChIJnV93eqO5lzMRxUaqkL-qQ0c,Starbucks Ayala Malls Marikina,"Marikina, 1800 Metro Manila",14.648341799999999,121.1161271,"{""mon"":{""kind"":""open"",""open"":""08:30"",""close"":""22:00""},""tue"":{""kind"":""open"",""open"":""08:30"",""close"":""22:00""},""wed"":{""kind"":""open"",""open"":""08:30"",""close"":""22:00""},""thu"":{""kind"":""open"",""open"":""08:30"",""close"":""22:00""},""fri"":{""kind"":""open"",""open"":""08:30"",""close"":""22:00""},""sat"":{""kind"":""open"",""open"":""08:30"",""close"":""22:00""},""sun"":{""kind"":""open"",""open"":""08:30"",""close"":""22:00""}}",,,,,available,,OPERATIONAL,Coffee shop|Coffee shop,http://www.starbucks.ph/,true,
ChIJT5jZHQC5lzMRPpHslNv5O-c,Starbucks Gil Fernando Avenue,"25 Mayor Gil Fernando Ave, Marikina",14.622717699999999,121.10237509999999,"{""mon"":{""kind"":""open"",""open"":""08:00"",""close"":""03:30""},""tue"":{""kind"":""open"",""open"":""08:00"",""close"":""03:30""},""wed"":{""kind"":""open"",""open"":""08:00"",""close"":""03:30""},""thu"":{""kind"":""open"",""open"":""08:00"",""close"":""00:00""},""fri"":{""kind"":""all_day""},""sat"":{""kind"":""open"",""open"":""04:00"",""close"":""02:00""},""sun"":{""kind"":""open"",""open"":""07:00"",""close"":""02:00""}}",,,,,available,,OPERATIONAL,Coffee shop|Coffee shop,https://www.starbucks.ph/,true,
ChIJpVg2AAC5lzMRKr215DVDxLc,Starbucks J.P. Rizal,"440 Dr J P Rizal St, Marikina",14.667279899999999,121.1078565,"{""mon"":{""kind"":""open"",""open"":""06:30"",""close"":""00:30""},""tue"":{""kind"":""open"",""open"":""06:30"",""close"":""00:30""},""wed"":{""kind"":""open"",""open"":""06:30"",""close"":""00:30""},""thu"":{""kind"":""open"",""open"":""06:30"",""close"":""00:30""},""fri"":{""kind"":""open"",""open"":""06:30"",""close"":""01:30""},""sat"":{""kind"":""open"",""open"":""06:30"",""close"":""01:30""},""sun"":{""kind"":""open"",""open"":""06:30"",""close"":""01:30""}}",,,,,available,,OPERATIONAL,Coffee shop|Coffee shop,https://www.starbucks.ph/,true,
ChIJi8CsH1C4lzMRiHM45ERS4UA,Starbucks Marcos Highway Drive-Thru,"800 Marikina-Infanta Hwy, Antipolo",14.623572,121.1138759,"{""mon"":{""kind"":""open"",""open"":""07:00"",""close"":""02:00""},""tue"":{""kind"":""open"",""open"":""07:00"",""close"":""02:00""},""wed"":{""kind"":""open"",""open"":""07:00"",""close"":""02:00""},""thu"":{""kind"":""open"",""open"":""07:00"",""close"":""02:00""},""fri"":{""kind"":""open"",""open"":""07:00"",""close"":""03:00""},""sat"":{""kind"":""open"",""open"":""07:00"",""close"":""03:00""},""sun"":{""kind"":""open"",""open"":""07:00"",""close"":""02:00""}}",0998 868 6711,,,,available,,OPERATIONAL,Coffee shop|Coffee shop,https://www.starbucks.ph/,true,
ChIJGz2Laju5lzMRQCYk6DPDwSw,Starbucks Robinsons Metro East,"U/G, Level 1, Brgy, Robinsons Metro East, Marikina-Infanta Hwy, Pasig",14.619862,121.0998671,"{""mon"":{""kind"":""open"",""open"":""06:30"",""close"":""21:00""},""tue"":{""kind"":""open"",""open"":""06:30"",""close"":""21:00""},""wed"":{""kind"":""open"",""open"":""06:30"",""close"":""21:00""},""thu"":{""kind"":""open"",""open"":""06:30"",""close"":""21:00""},""fri"":{""kind"":""open"",""open"":""06:30"",""close"":""21:00""},""sat"":{""kind"":""open"",""open"":""06:30"",""close"":""22:00""},""sun"":{""kind"":""open"",""open"":""06:30"",""close"":""22:00""}}",,,,,available,,OPERATIONAL,Coffee shop|Coffee shop,https://www.starbucks.ph/,true,
ChIJIeVLFya4lzMRPadpwV5Rxno,Starbucks SM City Marikina,"SM, Marikina-Infanta Hwy, Marikina",14.625877,121.084007,,,,,,available,,OPERATIONAL,Coffee shop|Coffee shop,http://www.starbucks.ph/,false,missing_hours
ChIJWa5tvla4lzMR0Ker8OgC60g,Starbucks SM City Masinag,"LG, Brgy, Masinag, SM City Masinag, Marikina-Infanta Hwy, Mayamot, Antipolo",14.6251693,121.1199151,"{""mon"":{""kind"":""open"",""open"":""09:00"",""close"":""21:00""},""tue"":{""kind"":""open"",""open"":""09:00"",""close"":""21:00""},""wed"":{""kind"":""open"",""open"":""09:00"",""close"":""21:00""},""thu"":{""kind"":""open"",""open"":""09:00"",""close"":""21:00""},""fri"":{""kind"":""open"",""open"":""09:00"",""close"":""22:00""},""sat"":{""kind"":""open"",""open"":""09:00"",""close"":""22:00""},""sun"":{""kind"":""open"",""open"":""09:00"",""close"":""21:00""}}",,,,,available,,OPERATIONAL,Coffee shop|Coffee shop,http://www.starbucks.ph/,true,
ChIJf0weZy-6lzMRTY7PVvCbXpE,Starbucks SM San Mateo,"30 Chico, San Mateo",14.6801964,121.1141181,"{""mon"":{""kind"":""open"",""open"":""08:00"",""close"":""00:00""},""tue"":{""kind"":""open"",""open"":""08:00"",""close"":""00:00""},""wed"":{""kind"":""open"",""open"":""08:00"",""close"":""00:00""},""thu"":{""kind"":""open"",""open"":""08:00"",""close"":""00:00""},""fri"":{""kind"":""open"",""open"":""08:00"",""close"":""01:30""},""sat"":{""kind"":""open"",""open"":""08:00"",""close"":""01:30""},""sun"":{""kind"":""open"",""open"":""08:00"",""close"":""00:00""}}",,,,,available,,OPERATIONAL,Coffee shop|Coffee shop,https://starbucks.ph/,true,
ChIJW6XEnq65lzMRLHqEYXR0e6M,Starbucks Sumulong Highway Drive Thru,"Sumulong Hwy, Marikina",14.634711699999999,121.10106239999999,"{""mon"":{""kind"":""open"",""open"":""06:00"",""close"":""03:00""},""tue"":{""kind"":""open"",""open"":""06:00"",""close"":""03:00""},""wed"":{""kind"":""open"",""open"":""06:00"",""close"":""03:00""},""thu"":{""kind"":""open"",""open"":""06:00"",""close"":""00:00""},""fri"":{""kind"":""all_day""},""sat"":{""kind"":""all_day""},""sun"":{""kind"":""open"",""open"":""06:00"",""close"":""03:00""}}",0917 117 4986,,,,available,,OPERATIONAL,Coffee shop|Coffee shop|Cafe,http://www.starbucks.ph/,true,
ChIJO4F8rzW5lzMRiDIMGXZUPKM,Tara Inom Cafe Marikina,"Rainbow St, Corner Banahaw St, Concepcion Dos, Marikina",14.6408545,121.1194616,"{""mon"":{""kind"":""open"",""open"":""07:00"",""close"":""00:00""},""tue"":{""kind"":""open"",""open"":""07:00"",""close"":""00:00""},""wed"":{""kind"":""open"",""open"":""07:00"",""close"":""00:00""},""thu"":{""kind"":""open"",""open"":""07:00"",""close"":""00:00""},""fri"":{""kind"":""open"",""open"":""07:00"",""close"":""00:00""},""sat"":{""kind"":""open"",""open"":""07:00"",""close"":""00:00""},""sun"":{""kind"":""open"",""open"":""07:00"",""close"":""00:00""}}",0961 355 6536,,,,,,OPERATIONAL,Coffee shop|Coffee shop,https://www.facebook.com/tarainomcafe,true,
ChIJsS0EJwC5lzMRAdD1s-2RIik,The Espresso Playground,"434 Gen. Ordoñez St, Marikina",14.6552951,121.1139434,,,,,,,,OPERATIONAL,Coffee shop|Coffee shop,,false,missing_hours
ChIJqe8Axwy5lzMRUOVM0Hjr0b8,The Retreat Coffee Lounge,"312 N Ipil, Marikina",14.6561574,121.1174277,"{""mon"":{""kind"":""closed""},""tue"":{""kind"":""open"",""open"":""13:00"",""close"":""21:00""},""wed"":{""kind"":""open"",""open"":""13:00"",""close"":""21:00""},""thu"":{""kind"":""open"",""open"":""13:00"",""close"":""21:00""},""fri"":{""kind"":""open"",""open"":""13:00"",""close"":""21:00""},""sat"":{""kind"":""open"",""open"":""13:00"",""close"":""21:00""},""sun"":{""kind"":""open"",""open"":""13:00"",""close"":""21:00""}}",,available,,,,,OPERATIONAL,Cafe|Cafe|Coffee shop,https://www.facebook.com/retreatcoffeelounge,true,
ChIJgaOCtcy5lzMRWEwowxWtzx8,Upper Room Coffee | Marikina City,"12 A Cinnabar, Parang, Marikina",14.6655795,121.1123605,"{""mon"":{""kind"":""open"",""open"":""06:00"",""close"":""22:00""},""tue"":{""kind"":""open"",""open"":""06:00"",""close"":""22:00""},""wed"":{""kind"":""open"",""open"":""06:00"",""close"":""22:00""},""thu"":{""kind"":""open"",""open"":""06:00"",""close"":""22:00""},""fri"":{""kind"":""open"",""open"":""06:00"",""close"":""22:00""},""sat"":{""kind"":""closed""},""sun"":{""kind"":""closed""}}",0916 617 9609,,,,,,OPERATIONAL,Coffee shop|Coffee shop,,true,
ChIJ7-uNC1u5lzMRYvcARPpzvAQ,VNLP Cafe,"152 J. P. Rizal St, San Roque, Marikina",14.625533599999999,121.0965567,,0976 660 7019,,,,,,OPERATIONAL,Coffee shop|Coffee shop,https://www.facebook.com/profile.php?id=61583172714029,false,missing_hours
ChIJP54zYEO5lzMRpLVdsMjvakg,ZUS Coffee - Ayala Malls Marikina,"Level 1, F121-122, Ayala Malls Marikina, Liwasang Kalayaan, Marikina Heights (Concepcion), Marikina",14.648575699999999,121.1151474,"{""mon"":{""kind"":""open"",""open"":""10:00"",""close"":""21:00""},""tue"":{""kind"":""open"",""open"":""10:00"",""close"":""21:00""},""wed"":{""kind"":""open"",""open"":""10:00"",""close"":""21:00""},""thu"":{""kind"":""open"",""open"":""10:00"",""close"":""21:00""},""fri"":{""kind"":""open"",""open"":""10:00"",""close"":""21:00""},""sat"":{""kind"":""open"",""open"":""10:00"",""close"":""21:00""},""sun"":{""kind"":""open"",""open"":""10:00"",""close"":""21:00""}}",,,,,available,,OPERATIONAL,Coffee store|Coffee store,https://zuscoffee.ph/,true,
ChIJE-b2P-y5lzMR04Rhl-kxUOw,ZUS Coffee - Bluewave Mall Marikina,"Ground Level, G03, Bluewave Mall, Sumulong Hwy, Marikina",14.635593,121.10107699999999,"{""mon"":{""kind"":""open"",""open"":""07:00"",""close"":""20:00""},""tue"":{""kind"":""open"",""open"":""07:00"",""close"":""20:00""},""wed"":{""kind"":""open"",""open"":""07:00"",""close"":""20:00""},""thu"":{""kind"":""open"",""open"":""07:00"",""close"":""20:00""},""fri"":{""kind"":""open"",""open"":""07:00"",""close"":""20:00""},""sat"":{""kind"":""open"",""open"":""07:00"",""close"":""20:00""},""sun"":{""kind"":""open"",""open"":""07:00"",""close"":""20:00""}}",,,,,available,,OPERATIONAL,Coffee store|Coffee store,https://zuscoffee.ph/,true,
ChIJkS4Dtsa5lzMRjaNLGQCLmow,ZUS Coffee - Marikina Park Plaza,"Ground Floor, Unit 7, Marikina Park Plaza, Shoe Ave, Marikina",14.6331948,121.0984101,"{""mon"":{""kind"":""open"",""open"":""07:00"",""close"":""22:00""},""tue"":{""kind"":""open"",""open"":""07:00"",""close"":""22:00""},""wed"":{""kind"":""open"",""open"":""07:00"",""close"":""22:00""},""thu"":{""kind"":""open"",""open"":""07:00"",""close"":""22:00""},""fri"":{""kind"":""open"",""open"":""07:00"",""close"":""22:00""},""sat"":{""kind"":""open"",""open"":""07:00"",""close"":""22:00""},""sun"":{""kind"":""open"",""open"":""07:00"",""close"":""22:00""}}",0906 082 8616,,,,,,OPERATIONAL,Cafe|Cafe,https://zuscoffee.ph/,true,
ChIJh2X2ZAC5lzMRZNcKX7rAAvE,ZUS Coffee - Metro Supermarket Feliz,"Ground Floor, LS02, Ayala Malls Feliz, Metro Supermarket, Marikina-Infanta Hwy, Dela Paz, Pasig",14.6193347,121.0931074,"{""mon"":{""kind"":""open"",""open"":""08:00"",""close"":""21:00""},""tue"":{""kind"":""open"",""open"":""08:00"",""close"":""21:00""},""wed"":{""kind"":""open"",""open"":""08:00"",""close"":""21:00""},""thu"":{""kind"":""open"",""open"":""08:00"",""close"":""21:00""},""fri"":{""kind"":""open"",""open"":""08:00"",""close"":""21:00""},""sat"":{""kind"":""open"",""open"":""08:00"",""close"":""21:00""},""sun"":{""kind"":""open"",""open"":""08:00"",""close"":""21:00""}}",0906 082 8561,,,,available,,OPERATIONAL,Cafe|Cafe|Coffee shop,https://zuscoffee.com/,true,
ChIJ-Qpzn4S5lzMRQFVCkNHPLXs,ZUS Coffee - SM City Masinag,"UGF - 153, SM City Masinag, Marikina-Infanta Hwy, Masinag",14.6253663,121.1199175,"{""mon"":{""kind"":""open"",""open"":""10:00"",""close"":""21:00""},""tue"":{""kind"":""open"",""open"":""10:00"",""close"":""21:00""},""wed"":{""kind"":""open"",""open"":""10:00"",""close"":""21:00""},""thu"":{""kind"":""open"",""open"":""10:00"",""close"":""21:00""},""fri"":{""kind"":""open"",""open"":""10:00"",""close"":""22:00""},""sat"":{""kind"":""open"",""open"":""10:00"",""close"":""22:00""},""sun"":{""kind"":""open"",""open"":""10:00"",""close"":""21:00""}}",,,,,available,,OPERATIONAL,Cafe|Cafe,https://zuscoffee.com/,true,
